1,January 01,COVID-19,9,0.000376821
2,January 01,Economy and jobs,253,0.010592866
3,January 01,Environment,306,0.012811924
4,January 01,Government,108,0.004521856
5,January 01,Healthcare,72,0.00301457
6,January 01,Immigration and refugees,37,0.001549154
7,January 02,COVID-19,25,0.000808931
8,January 02,Economy and jobs,414,0.013395891
9,January 02,Environment,536,0.017343472
10,January 02,Government,130,0.004206439
11,January 02,Healthcare,106,0.003429866
12,January 02,Immigration and refugees,96,0.003106293
13,January 03,COVID-19,15,0.000380633
14,January 03,Economy and jobs,447,0.011342875
15,January 03,Environment,486,0.012332521
16,January 03,Government,175,0.004440723
17,January 03,Healthcare,146,0.003704832
18,January 03,Immigration and refugees,99,0.00251218
19,January 04,COVID-19,14,0.000415591
20,January 04,Economy and jobs,345,0.010241339
21,January 04,Environment,459,0.013625434
22,January 04,Government,134,0.003977796
23,January 04,Healthcare,149,0.004423071
24,January 04,Immigration and refugees,99,0.002938819
25,January 05,COVID-19,14,0.00036484
26,January 05,Economy and jobs,385,0.010033096
27,January 05,Environment,450,0.011726996
28,January 05,Government,286,0.007453157
29,January 05,Healthcare,107,0.002788419
30,January 05,Immigration and refugees,257,0.006697417
31,January 06,COVID-19,32,0.000547345
32,January 06,Economy and jobs,633,0.010827176
33,January 06,Environment,646,0.011049535
34,January 06,Government,243,0.004156404
35,January 06,Healthcare,200,0.003420909
36,January 06,Immigration and refugees,314,0.005370826
37,January 07,COVID-19,32,0.000524083
38,January 07,Economy and jobs,748,0.012250446
39,January 07,Environment,781,0.012790907
40,January 07,Government,273,0.004471085
41,January 07,Healthcare,250,0.0040944
42,January 07,Immigration and refugees,245,0.004012512
43,January 08,COVID-19,29,0.000425189
44,January 08,Economy and jobs,776,0.011377465
45,January 08,Environment,639,0.009368815
46,January 08,Government,221,0.003240232
47,January 08,Healthcare,291,0.004266549
48,January 08,Immigration and refugees,199,0.002917675
49,January 09,COVID-19,43,0.000673643
50,January 09,Economy and jobs,740,0.011592931
51,January 09,Environment,554,0.008679032
52,January 09,Government,237,0.003712871
53,January 09,Healthcare,263,0.004120191
54,January 09,Immigration and refugees,182,0.002851234
55,January 10,COVID-19,39,0.000597179
56,January 10,Economy and jobs,880,0.013474819
57,January 10,Environment,580,0.008881131
58,January 10,Government,239,0.003659638
59,January 10,Healthcare,223,0.003414642
60,January 10,Immigration and refugees,195,0.002985897
61,January 11,COVID-19,26,0.000455501
62,January 11,Economy and jobs,646,0.011317449
63,January 11,Environment,472,0.008269096
64,January 11,Government,177,0.003100911
65,January 11,Healthcare,156,0.002733006
66,January 11,Immigration and refugees,153,0.002680448
67,January 12,COVID-19,18,0.000306435
68,January 12,Economy and jobs,558,0.009499489
69,January 12,Environment,728,0.012393599
70,January 12,Government,148,0.002519578
71,January 12,Healthcare,185,0.003149472
72,January 12,Immigration and refugees,147,0.002502554
73,January 13,COVID-19,39,0.000613864
74,January 13,Economy and jobs,748,0.011773594
75,January 13,Environment,609,0.009585721
76,January 13,Government,207,0.003258201
77,January 13,Healthcare,259,0.004076686
78,January 13,Immigration and refugees,184,0.002896178
79,January 14,COVID-19,40,0.000610892
80,January 14,Economy and jobs,811,0.01238584
81,January 14,Environment,643,0.009820092
82,January 14,Government,279,0.004260973
83,January 14,Healthcare,226,0.003451541
84,January 14,Immigration and refugees,204,0.00311555
85,January 15,COVID-19,82,0.001172953
86,January 15,Economy and jobs,905,0.0129454
87,January 15,Environment,684,0.009784148
88,January 15,Government,272,0.003890772
89,January 15,Healthcare,238,0.003404426
90,January 15,Immigration and refugees,220,0.003146948
91,January 16,COVID-19,55,0.000831834
92,January 16,Economy and jobs,843,0.012749739
93,January 16,Environment,679,0.010269363
94,January 16,Government,482,0.007289886
95,January 16,Healthcare,248,0.003750813
96,January 16,Immigration and refugees,184,0.002782861
97,January 17,COVID-19,65,0.000972384
98,January 17,Economy and jobs,861,0.012880352
99,January 17,Environment,597,0.008930976
100,January 17,Government,345,0.005161117
101,January 17,Healthcare,254,0.003799779
102,January 17,Immigration and refugees,181,0.002707716
103,January 18,COVID-19,65,0.001114426
104,January 18,Economy and jobs,627,0.010749923
105,January 18,Environment,530,0.009086857
106,January 18,Government,240,0.004114803
107,January 18,Healthcare,229,0.003926208
108,January 18,Immigration and refugees,155,0.002657477
109,January 19,COVID-19,42,0.000743863
110,January 19,Economy and jobs,581,0.010290107
111,January 19,Environment,584,0.01034324
112,January 19,Government,169,0.002993164
113,January 19,Healthcare,179,0.003170274
114,January 19,Immigration and refugees,132,0.002337856
115,January 20,COVID-19,73,0.001219451
116,January 20,Economy and jobs,844,0.014098859
117,January 20,Environment,646,0.010791307
118,January 20,Government,260,0.00434325
119,January 20,Healthcare,206,0.003441191
120,January 20,Immigration and refugees,174,0.002906637
121,January 21,COVID-19,120,0.00179716
122,January 21,Economy and jobs,1013,0.01517103
123,January 21,Environment,709,0.010618223
124,January 21,Government,469,0.007023902
125,January 21,Healthcare,232,0.00347451
126,January 21,Immigration and refugees,143,0.002141616
127,January 22,COVID-19,198,0.002928431
128,January 22,Economy and jobs,975,0.014420304
129,January 22,Environment,669,0.009894547
130,January 22,Government,537,0.00794226
131,January 22,Healthcare,278,0.004111635
132,January 22,Immigration and refugees,166,0.002455149
133,January 23,COVID-19,197,0.002961382
134,January 23,Economy and jobs,982,0.014761812
135,January 23,Environment,642,0.009650797
136,January 23,Government,489,0.007350841
137,January 23,Healthcare,324,0.004870496
138,January 23,Immigration and refugees,251,0.003773131
139,January 24,COVID-19,197,0.002944253
140,January 24,Economy and jobs,854,0.012763414
141,January 24,Environment,620,0.009266178
142,January 24,Government,385,0.005753998
143,January 24,Healthcare,348,0.005201016
144,January 24,Immigration and refugees,219,0.003273053
145,January 25,COVID-19,285,0.005050416
146,January 25,Economy and jobs,653,0.011571654
147,January 25,Environment,433,0.007673087
148,January 25,Government,347,0.006149102
149,January 25,Healthcare,315,0.005582038
150,January 25,Immigration and refugees,178,0.003154295
151,January 26,COVID-19,363,0.005656585
152,January 26,Economy and jobs,550,0.008570583
153,January 26,Environment,486,0.007573278
154,January 26,Government,241,0.003755473
155,January 26,Healthcare,289,0.004503452
156,January 26,Immigration and refugees,122,0.001901111
157,January 27,COVID-19,376,0.005489211
158,January 27,Economy and jobs,749,0.010934626
159,January 27,Environment,462,0.006744722
160,January 27,Government,328,0.004788461
161,January 27,Healthcare,267,0.003897924
162,January 27,Immigration and refugees,171,0.002496423
163,January 28,COVID-19,396,0.005729001
164,January 28,Economy and jobs,920,0.0133098
165,January 28,Environment,524,0.007580799
166,January 28,Government,377,0.005454125
167,January 28,Healthcare,260,0.003761465
168,January 28,Immigration and refugees,218,0.003153844
169,January 29,COVID-19,426,0.00424908
170,January 29,Economy and jobs,1563,0.015589934
171,January 29,Environment,640,0.006383594
172,January 29,Government,428,0.004269029
173,January 29,Healthcare,389,0.003880028
174,January 29,Immigration and refugees,271,0.002703053
175,January 30,COVID-19,384,0.004779627
176,January 30,Economy and jobs,1148,0.014289093
177,January 30,Environment,620,0.007717106
178,January 30,Government,507,0.006310601
179,January 30,Healthcare,332,0.004132386
180,January 30,Immigration and refugees,279,0.003472698
181,January 31,COVID-19,310,0.00443066
182,January 31,Economy and jobs,928,0.013263396
183,January 31,Environment,575,0.00821816
184,January 31,Government,809,0.011562594
185,January 31,Healthcare,344,0.004916604
186,January 31,Immigration and refugees,237,0.003387311
187,February 01,COVID-19,240,0.00388771
188,February 01,Economy and jobs,667,0.010804594
189,February 01,Environment,425,0.006884486
190,February 01,Government,581,0.009411498
191,February 01,Healthcare,320,0.005183613
192,February 01,Immigration and refugees,168,0.002721397
193,February 02,COVID-19,233,0.003858191
194,February 02,Economy and jobs,605,0.010018049
195,February 02,Environment,419,0.00693812
196,February 02,Government,223,0.003692603
197,February 02,Healthcare,293,0.004851716
198,February 02,Immigration and refugees,173,0.002864665
199,February 03,COVID-19,193,0.0027759
200,February 03,Economy and jobs,789,0.011348109
201,February 03,Environment,572,0.00822702
202,February 03,Government,300,0.00431487
203,February 03,Healthcare,300,0.00431487
204,February 03,Immigration and refugees,225,0.003236153
205,February 04,COVID-19,176,0.002609263
206,February 04,Economy and jobs,948,0.014054439
207,February 04,Environment,681,0.010096068
208,February 04,Government,337,0.004996145
209,February 04,Healthcare,277,0.004106624
210,February 04,Immigration and refugees,184,0.002727866
211,February 05,COVID-19,192,0.002551631
212,February 05,Economy and jobs,1109,0.014738325
213,February 05,Environment,674,0.008957287
214,February 05,Government,567,0.007535284
215,February 05,Healthcare,298,0.003960343
216,February 05,Immigration and refugees,178,0.002365574
217,February 06,COVID-19,194,0.002629902
218,February 06,Economy and jobs,913,0.012376808
219,February 06,Environment,616,0.008350617
220,February 06,Government,508,0.006886548
221,February 06,Healthcare,422,0.005720715
222,February 06,Immigration and refugees,196,0.002657015
223,February 07,COVID-19,200,0.002848516
224,February 07,Economy and jobs,1117,0.015908961
225,February 07,Environment,618,0.008801914
226,February 07,Government,340,0.004842477
227,February 07,Healthcare,379,0.005397938
228,February 07,Immigration and refugees,185,0.002634877
229,February 08,COVID-19,147,0.002307185
230,February 08,Economy and jobs,888,0.013937282
231,February 08,Environment,524,0.008224252
232,February 08,Government,262,0.004112126
233,February 08,Healthcare,246,0.003861004
234,February 08,Immigration and refugees,129,0.002024673
235,February 09,COVID-19,149,0.002459476
236,February 09,Economy and jobs,718,0.011851705
237,February 09,Environment,473,0.0078076
238,February 09,Government,240,0.003961573
239,February 09,Healthcare,200,0.003301311
240,February 09,Immigration and refugees,157,0.002591529
241,February 10,COVID-19,150,0.002062366
242,February 10,Economy and jobs,927,0.012745422
243,February 10,Environment,654,0.008991916
244,February 10,Government,330,0.004537205
245,February 10,Healthcare,292,0.004014739
246,February 10,Immigration and refugees,183,0.002516086
247,February 11,COVID-19,173,0.002284552
248,February 11,Economy and jobs,998,0.013179093
249,February 11,Environment,716,0.009455141
250,February 11,Government,430,0.005678367
251,February 11,Healthcare,308,0.004067295
252,February 11,Immigration and refugees,271,0.003578692
253,February 12,COVID-19,161,0.00209042
254,February 12,Economy and jobs,1155,0.014996494
255,February 12,Environment,606,0.007868291
256,February 12,Government,630,0.008179906
257,February 12,Healthcare,323,0.004193825
258,February 12,Immigration and refugees,208,0.002700667
259,February 13,COVID-19,156,0.002088745
260,February 13,Economy and jobs,1163,0.015571861
261,February 13,Environment,635,0.008502263
262,February 13,Government,495,0.006627748
263,February 13,Healthcare,282,0.003775808
264,February 13,Immigration and refugees,213,0.00285194
265,February 14,COVID-19,132,0.001758242
266,February 14,Economy and jobs,1075,0.014319014
267,February 14,Environment,503,0.006699967
268,February 14,Government,518,0.006899767
269,February 14,Healthcare,226,0.003010323
270,February 14,Immigration and refugees,190,0.002530803
271,February 15,COVID-19,102,0.001678377
272,February 15,Economy and jobs,745,0.012258733
273,February 15,Environment,412,0.006779326
274,February 15,Government,357,0.005874319
275,February 15,Healthcare,222,0.003652938
276,February 15,Immigration and refugees,187,0.003077024
277,February 16,COVID-19,135,0.002278404
278,February 16,Economy and jobs,694,0.011712685
279,February 16,Environment,414,0.006987106
280,February 16,Government,325,0.005485047
281,February 16,Healthcare,182,0.003071626
282,February 16,Immigration and refugees,150,0.00253156
283,February 17,COVID-19,134,0.002080358
284,February 17,Economy and jobs,895,0.013894926
285,February 17,Environment,477,0.007405452
286,February 17,Government,408,0.006334223
287,February 17,Healthcare,276,0.004284916
288,February 17,Immigration and refugees,151,0.002344284
289,February 18,COVID-19,131,0.0018452
290,February 18,Economy and jobs,1210,0.017043454
291,February 18,Environment,631,0.00888795
292,February 18,Government,501,0.007056835
293,February 18,Healthcare,338,0.004760899
294,February 18,Immigration and refugees,185,0.002605817
295,February 19,COVID-19,107,0.001401312
296,February 19,Economy and jobs,1246,0.016318085
297,February 19,Environment,670,0.008774572
298,February 19,Government,586,0.007674476
299,February 19,Healthcare,321,0.004203937
300,February 19,Immigration and refugees,180,0.002357348
301,February 20,COVID-19,111,0.001422366
302,February 20,Economy and jobs,1212,0.015530696
303,February 20,Environment,584,0.007483438
304,February 20,Government,486,0.006227655
305,February 20,Healthcare,406,0.005202527
306,February 20,Immigration and refugees,202,0.002588449
307,February 21,COVID-19,128,0.001650144
308,February 21,Economy and jobs,1288,0.016604571
309,February 21,Environment,631,0.008134693
310,February 21,Government,424,0.005466101
311,February 21,Healthcare,458,0.005904421
312,February 21,Immigration and refugees,183,0.00235919
313,February 22,COVID-19,132,0.002020573
314,February 22,Economy and jobs,933,0.014281778
315,February 22,Environment,467,0.007148543
316,February 22,Government,251,0.00384215
317,February 22,Healthcare,349,0.005342273
318,February 22,Immigration and refugees,193,0.002954323
319,February 23,COVID-19,195,0.002824695
320,February 23,Economy and jobs,860,0.01245763
321,February 23,Environment,525,0.007604948
322,February 23,Government,226,0.003273749
323,February 23,Healthcare,336,0.004867167
324,February 23,Immigration and refugees,193,0.002795724
325,February 24,COVID-19,246,0.003014447
326,February 24,Economy and jobs,1435,0.017584276
327,February 24,Environment,1499,0.018368522
328,February 24,Government,419,0.005134363
329,February 24,Healthcare,399,0.004889286
330,February 24,Immigration and refugees,198,0.002426262
331,February 25,COVID-19,395,0.005014599
332,February 25,Economy and jobs,1356,0.017214676
333,February 25,Environment,1069,0.013571157
334,February 25,Government,506,0.006423765
335,February 25,Healthcare,398,0.005052685
336,February 25,Immigration and refugees,261,0.003313444
337,February 26,COVID-19,515,0.006180692
338,February 26,Economy and jobs,1313,0.015757765
339,February 26,Environment,846,0.010153137
340,February 26,Government,445,0.005340598
341,February 26,Healthcare,508,0.006096683
342,February 26,Immigration and refugees,277,0.003324372
343,February 27,COVID-19,807,0.009866732
344,February 27,Economy and jobs,1290,0.015772099
345,February 27,Environment,814,0.009952317
346,February 27,Government,393,0.004804988
347,February 27,Healthcare,373,0.00456046
348,February 27,Immigration and refugees,239,0.002922118
349,February 28,COVID-19,942,0.011552754
350,February 28,Economy and jobs,1323,0.016225365
351,February 28,Environment,680,0.008339568
352,February 28,Government,372,0.004562234
353,February 28,Healthcare,398,0.0048811
354,February 28,Immigration and refugees,282,0.003458468
355,February 29,COVID-19,787,0.011257492
356,February 29,Economy and jobs,967,0.013832268
357,February 29,Environment,577,0.008253587
358,February 29,Government,251,0.003590382
359,February 29,Healthcare,401,0.005736028
360,February 29,Immigration and refugees,237,0.003390121
361,March 01,COVID-19,568,0.008577599
362,March 01,Economy and jobs,726,0.010963621
363,March 01,Environment,457,0.006901343
364,March 01,Government,204,0.003080687
365,March 01,Healthcare,336,0.005074072
366,March 01,Immigration and refugees,240,0.003624337
367,March 02,COVID-19,730,0.009906633
368,March 02,Economy and jobs,1013,0.01374715
369,March 02,Environment,657,0.00891597
370,March 02,Government,275,0.003731951
371,March 02,Healthcare,450,0.006106829
372,March 02,Immigration and refugees,284,0.003854088
373,March 03,COVID-19,681,0.008535439
374,March 03,Economy and jobs,1278,0.016018049
375,March 03,Environment,723,0.009061854
376,March 03,Government,302,0.003785173
377,March 03,Healthcare,406,0.005088676
378,March 03,Immigration and refugees,273,0.003421696
379,March 04,COVID-19,704,0.008307275
380,March 04,Economy and jobs,1200,0.014160127
381,March 04,Environment,749,0.00883828
382,March 04,Government,379,0.00447224
383,March 04,Healthcare,473,0.00558145
384,March 04,Immigration and refugees,286,0.00337483
385,March 05,COVID-19,963,0.011465378
386,March 05,Economy and jobs,1247,0.014846652
387,March 05,Environment,791,0.009417564
388,March 05,Government,393,0.004679017
389,March 05,Healthcare,528,0.006286313
390,March 05,Immigration and refugees,256,0.003047909
391,March 06,COVID-19,862,0.010365186
392,March 06,Economy and jobs,1309,0.015740173
393,March 06,Environment,633,0.007611558
394,March 06,Government,292,0.003511177
395,March 06,Healthcare,497,0.005976215
396,March 06,Immigration and refugees,294,0.003535226
397,March 07,COVID-19,895,0.01264553
398,March 07,Economy and jobs,1008,0.014242116
399,March 07,Environment,579,0.008180739
400,March 07,Government,196,0.0027693
401,March 07,Healthcare,489,0.006909122
402,March 07,Immigration and refugees,228,0.003221431
403,March 08,COVID-19,932,0.012917175
404,March 08,Economy and jobs,1010,0.013998226
405,March 08,Environment,498,0.006902096
406,March 08,Government,173,0.002397716
407,March 08,Healthcare,397,0.005502273
408,March 08,Immigration and refugees,272,0.003769819
409,March 09,COVID-19,1507,0.019197697
410,March 09,Economy and jobs,1617,0.020598989
411,March 09,Environment,532,0.006777156
412,March 09,Government,199,0.002535064
413,March 09,Healthcare,467,0.00594912
414,March 09,Immigration and refugees,240,0.003057364
415,March 10,COVID-19,1881,0.022501346
416,March 10,Economy and jobs,1557,0.018625516
417,March 10,Environment,703,0.008409594
418,March 10,Government,215,0.002571924
419,March 10,Healthcare,599,0.0071655
420,March 10,Immigration and refugees,260,0.003110234
421,March 11,COVID-19,2864,0.032548413
422,March 11,Economy and jobs,1429,0.016240113
423,March 11,Environment,733,0.008330303
424,March 11,Government,346,0.003932176
425,March 11,Healthcare,726,0.00825075
426,March 11,Immigration and refugees,256,0.002909355
427,March 12,COVID-19,6323,0.055595122
428,March 12,Economy and jobs,1659,0.014586795
429,March 12,Environment,661,0.005811858
430,March 12,Government,366,0.003218063
431,March 12,Healthcare,1279,0.011245637
432,March 12,Immigration and refugees,349,0.00306859
433,March 13,COVID-19,7257,0.06417467
434,March 13,Economy and jobs,1716,0.015174829
435,March 13,Environment,567,0.005014061
436,March 13,Government,425,0.003758335
437,March 13,Healthcare,1424,0.012592632
438,March 13,Immigration and refugees,343,0.003033197
439,March 14,COVID-19,5700,0.059185729
440,March 14,Economy and jobs,1210,0.012563988
441,March 14,Environment,501,0.005202114
442,March 14,Government,264,0.002741234
443,March 14,Healthcare,1439,0.014941801
444,March 14,Immigration and refugees,404,0.004194918
445,March 15,COVID-19,7307,0.073952999
446,March 15,Economy and jobs,1355,0.013713742
447,March 15,Environment,434,0.004392446
448,March 15,Government,176,0.001781268
449,March 15,Healthcare,1272,0.012873712
450,March 15,Immigration and refugees,428,0.004331721
451,March 16,COVID-19,9282,0.078070854
452,March 16,Economy and jobs,2061,0.01733506
453,March 16,Environment,663,0.00557649
454,March 16,Government,334,0.002809272
455,March 16,Healthcare,1352,0.011371665
456,March 16,Immigration and refugees,1178,0.009908152
457,March 17,COVID-19,9579,0.079787101
458,March 17,Economy and jobs,2519,0.0209817
459,March 17,Environment,794,0.006613525
460,March 17,Government,354,0.002948599
461,March 17,Healthcare,1329,0.011069742
462,March 17,Immigration and refugees,813,0.006771783
463,March 18,COVID-19,9703,0.080564943
464,March 18,Economy and jobs,3289,0.027308883
465,March 18,Environment,688,0.00571253
466,March 18,Government,337,0.002798143
467,March 18,Healthcare,1406,0.011674153
468,March 18,Immigration and refugees,1532,0.012720343
469,March 19,COVID-19,9184,0.079733989
470,March 19,Economy and jobs,2417,0.020983999
471,March 19,Environment,650,0.005643194
472,March 19,Government,378,0.003281734
473,March 19,Healthcare,1720,0.014932759
474,March 19,Immigration and refugees,548,0.004757647
475,March 20,COVID-19,8932,0.073350798
476,March 20,Economy and jobs,2540,0.020858825
477,March 20,Environment,492,0.004040371
478,March 20,Government,477,0.003917189
479,March 20,Healthcare,1779,0.01460939
480,March 20,Immigration and refugees,603,0.004951918
481,March 21,COVID-19,7639,0.069857614
482,March 21,Economy and jobs,2299,0.021024042
483,March 21,Environment,575,0.005258297
484,March 21,Government,236,0.002158188
485,March 21,Healthcare,1854,0.016954577
486,March 21,Immigration and refugees,576,0.005267442
487,March 22,COVID-19,8606,0.077563675
488,March 22,Economy and jobs,2014,0.018151666
489,March 22,Environment,551,0.004966022
490,March 22,Government,490,0.004416245
491,March 22,Healthcare,2308,0.020801413
492,March 22,Immigration and refugees,331,0.002983218
493,March 23,COVID-19,9442,0.077864459
494,March 23,Economy and jobs,2884,0.023783213
495,March 23,Environment,563,0.004642839
496,March 23,Government,884,0.00729
497,March 23,Healthcare,2389,0.019701143
498,March 23,Immigration and refugees,305,0.002515215
499,March 24,COVID-19,8655,0.069216743
500,March 24,Economy and jobs,3657,0.029246173
501,March 24,Environment,666,0.00532621
502,March 24,Government,974,0.007789383
503,March 24,Healthcare,1868,0.014938981
504,March 24,Immigration and refugees,310,0.002479167
505,March 25,COVID-19,7314,0.05862221
506,March 25,Economy and jobs,3401,0.027259247
507,March 25,Environment,581,0.004656755
508,March 25,Government,833,0.006676552
509,March 25,Healthcare,1867,0.014964133
510,March 25,Immigration and refugees,247,0.001979722
511,March 26,COVID-19,7118,0.057818681
512,March 26,Economy and jobs,3066,0.024904759
513,March 26,Environment,689,0.005596666
514,March 26,Government,606,0.004922467
515,March 26,Healthcare,2617,0.021257585
516,March 26,Immigration and refugees,970,0.007879196
517,March 27,COVID-19,6963,0.057057402
518,March 27,Economy and jobs,2450,0.020076208
519,March 27,Environment,614,0.005031343
520,March 27,Government,366,0.00299914
521,March 27,Healthcare,2592,0.021239808
522,March 27,Immigration and refugees,959,0.007858401
523,March 28,COVID-19,6495,0.058060018
524,March 28,Economy and jobs,1823,0.016296137
525,March 28,Environment,622,0.005560174
526,March 28,Government,297,0.002654938
527,March 28,Healthcare,2295,0.020515434
528,March 28,Immigration and refugees,351,0.003137655
529,March 29,COVID-19,5871,0.053063512
530,March 29,Economy and jobs,2088,0.018871847
531,March 29,Environment,539,0.004871612
532,March 29,Government,185,0.001672075
533,March 29,Healthcare,2057,0.018591661
534,March 29,Immigration and refugees,310,0.002801855
535,March 30,COVID-19,5962,0.050677887
536,March 30,Economy and jobs,2474,0.021029368
537,March 30,Environment,764,0.006494114
538,March 30,Government,341,0.002898551
539,March 30,Healthcare,2733,0.023230907
540,March 30,Immigration and refugees,250,0.002125037
541,March 31,COVID-19,6069,0.049719004
542,March 31,Economy and jobs,2633,0.021570298
543,March 31,Environment,954,0.007815444
544,March 31,Government,298,0.002441302
545,March 31,Healthcare,2306,0.018891419
546,March 31,Immigration and refugees,318,0.002605148
547,April 01,COVID-19,6366,0.051616356
548,April 01,Economy and jobs,2721,0.022062222
549,April 01,Environment,1035,0.008391915
550,April 01,Government,508,0.00411893
551,April 01,Healthcare,2056,0.016670315
552,April 01,Immigration and refugees,250,0.002027033
553,April 02,COVID-19,6064,0.049352171
554,April 02,Economy and jobs,2403,0.019556937
555,April 02,Environment,830,0.006754997
556,April 02,Government,350,0.002848493
557,April 02,Healthcare,1978,0.016098053
558,April 02,Immigration and refugees,238,0.001936975
559,April 03,COVID-19,6333,0.050665621
560,April 03,Economy and jobs,2704,0.021632692
561,April 03,Environment,808,0.006464207
562,April 03,Government,302,0.002416077
563,April 03,Healthcare,2126,0.017008544
564,April 03,Immigration and refugees,265,0.002120068
565,April 04,COVID-19,5316,0.047427022
566,April 04,Economy and jobs,1901,0.016959889
567,April 04,Environment,583,0.00520127
568,April 04,Government,242,0.002159018
569,April 04,Healthcare,1839,0.016406752
570,April 04,Immigration and refugees,255,0.002274998
571,April 05,COVID-19,5151,0.047644594
572,April 05,Economy and jobs,1653,0.015289558
573,April 05,Environment,539,0.004985524
574,April 05,Government,200,0.001849916
575,April 05,Healthcare,1803,0.016676995
576,April 05,Immigration and refugees,197,0.001822168
577,April 06,COVID-19,5133,0.044232841
578,April 06,Economy and jobs,2242,0.019320091
579,April 06,Environment,604,0.005204877
580,April 06,Government,308,0.002654143
581,April 06,Healthcare,2154,0.018561765
582,April 06,Immigration and refugees,290,0.002499031
583,April 07,COVID-19,4968,0.042837926
584,April 07,Economy and jobs,2083,0.017961232
585,April 07,Environment,650,0.005604801
586,April 07,Government,295,0.002543717
587,April 07,Healthcare,1957,0.016874763
588,April 07,Immigration and refugees,271,0.002336771
589,April 08,COVID-19,4745,0.042704274
590,April 08,Economy and jobs,2231,0.020078659
591,April 08,Environment,529,0.004760919
592,April 08,Government,253,0.002276961
593,April 08,Healthcare,1431,0.012878781
594,April 08,Immigration and refugees,316,0.002843952
595,April 09,COVID-19,4606,0.045516083
596,April 09,Economy and jobs,2162,0.021364692
597,April 09,Environment,505,0.004990365
598,April 09,Government,349,0.003448787
599,April 09,Healthcare,1124,0.011107268
600,April 09,Immigration and refugees,243,0.002401304
601,April 10,COVID-19,4276,0.045600938
602,April 10,Economy and jobs,1704,0.018172123
603,April 10,Environment,426,0.004543031
604,April 10,Government,259,0.002762077
605,April 10,Healthcare,1117,0.011912125
606,April 10,Immigration and refugees,200,0.002132878
607,April 11,COVID-19,3600,0.04189164
608,April 11,Economy and jobs,1454,0.016919568
609,April 11,Environment,409,0.004759356
610,April 11,Government,280,0.003258239
611,April 11,Healthcare,1203,0.01399879
612,April 11,Immigration and refugees,178,0.002071309
613,April 12,COVID-19,3136,0.037592453
614,April 12,Economy and jobs,1182,0.014169094
615,April 12,Environment,341,0.0040877
616,April 12,Government,284,0.003404419
617,April 12,Healthcare,1022,0.012251112
618,April 12,Immigration and refugees,131,0.001570348
619,April 13,COVID-19,3917,0.04143176
620,April 13,Economy and jobs,1457,0.015411303
621,April 13,Environment,422,0.004463672
622,April 13,Government,231,0.002443384
623,April 13,Healthcare,1084,0.011465925
624,April 13,Immigration and refugees,175,0.001851049
625,April 14,COVID-19,3991,0.038861895
626,April 14,Economy and jobs,1782,0.017352016
627,April 14,Environment,449,0.004372085
628,April 14,Government,322,0.003135437
629,April 14,Healthcare,1117,0.010876657
630,April 14,Immigration and refugees,239,0.002327234
631,April 15,COVID-19,4486,0.041882568
632,April 15,Economy and jobs,2274,0.021230709
633,April 15,Environment,517,0.004826859
634,April 15,Government,467,0.004360044
635,April 15,Healthcare,1109,0.010353939
636,April 15,Immigration and refugees,305,0.002847566
637,April 16,COVID-19,4196,0.038473882
638,April 16,Economy and jobs,2406,0.022061048
639,April 16,Environment,520,0.004767974
640,April 16,Government,370,0.003392597
641,April 16,Healthcare,1264,0.011589844
642,April 16,Immigration and refugees,483,0.004428714
643,April 17,COVID-19,4471,0.039938899
644,April 17,Economy and jobs,2191,0.019571936
645,April 17,Environment,770,0.006878316
646,April 17,Government,480,0.004287782
647,April 17,Healthcare,1589,0.014194344
648,April 17,Immigration and refugees,353,0.003153306
649,April 18,COVID-19,3840,0.038159215
650,April 18,Economy and jobs,1793,0.017817571
651,April 18,Environment,609,0.006051813
652,April 18,Government,652,0.006479117
653,April 18,Healthcare,1282,0.012739613
654,April 18,Immigration and refugees,407,0.004044479
655,April 19,COVID-19,3730,0.036202345
656,April 19,Economy and jobs,1542,0.014966224
657,April 19,Environment,486,0.004716981
658,April 19,Government,755,0.00732782
659,April 19,Healthcare,1339,0.012995962
660,April 19,Immigration and refugees,228,0.002212905
661,April 20,COVID-19,3969,0.036034973
662,April 20,Economy and jobs,1817,0.016496736
663,April 20,Environment,592,0.005374831
664,April 20,Government,943,0.008561597
665,April 20,Healthcare,1646,0.014944209
666,April 20,Immigration and refugees,195,0.001770426
667,April 21,COVID-19,3647,0.033041304
668,April 21,Economy and jobs,2096,0.018989463
669,April 21,Environment,679,0.006151644
670,April 21,Government,806,0.007302246
671,April 21,Healthcare,1221,0.011062087
672,April 21,Immigration and refugees,284,0.002573
673,April 22,COVID-19,3794,0.033396417
674,April 22,Economy and jobs,2189,0.019268518
675,April 22,Environment,1146,0.010087584
676,April 22,Government,623,0.005483914
677,April 22,Healthcare,1241,0.010923815
678,April 22,Immigration and refugees,237,0.002086176
679,April 23,COVID-19,3714,0.033667226
680,April 23,Economy and jobs,2157,0.019553098
681,April 23,Environment,710,0.006436115
682,April 23,Government,422,0.003825409
683,April 23,Healthcare,1122,0.010170874
684,April 23,Immigration and refugees,395,0.003580655
685,April 24,COVID-19,3445,0.029419551
686,April 24,Economy and jobs,1933,0.0165074
687,April 24,Environment,721,0.006157183
688,April 24,Government,310,0.002647333
689,April 24,Healthcare,1331,0.011366451
690,April 24,Immigration and refugees,282,0.002408219
691,April 25,COVID-19,2807,0.029080248
692,April 25,Economy and jobs,1319,0.013664712
693,April 25,Environment,780,0.008080724
694,April 25,Government,256,0.002652135
695,April 25,Healthcare,1019,0.010556741
696,April 25,Immigration and refugees,184,0.001906222
697,April 26,COVID-19,2932,0.031636077
698,April 26,Economy and jobs,1282,0.013832691
699,April 26,Environment,961,0.010369124
700,April 26,Government,312,0.003366458
701,April 26,Healthcare,993,0.010714401
702,April 26,Immigration and refugees,167,0.001801918
703,April 27,COVID-19,3248,0.031916044
704,April 27,Economy and jobs,1757,0.017264929
705,April 27,Environment,895,0.008794599
706,April 27,Government,271,0.002662946
707,April 27,Healthcare,948,0.009315397
708,April 27,Immigration and refugees,184,0.001808052
709,April 28,COVID-19,3535,0.03406999
710,April 28,Economy and jobs,2008,0.019352911
711,April 28,Environment,748,0.007209152
712,April 28,Government,414,0.003990092
713,April 28,Healthcare,1169,0.01126671
714,April 28,Immigration and refugees,247,0.002380562
715,April 29,COVID-19,3236,0.033463631
716,April 29,Economy and jobs,1790,0.018510475
717,April 29,Environment,616,0.006370085
718,April 29,Government,449,0.00464313
719,April 29,Healthcare,1061,0.010971852
720,April 29,Immigration and refugees,220,0.002275031
721,April 30,COVID-19,3144,0.031023662
722,April 30,Economy and jobs,1728,0.017051173
723,April 30,Environment,655,0.006463263
724,April 30,Government,549,0.0054173
725,April 30,Healthcare,1032,0.01018334
726,April 30,Immigration and refugees,182,0.001795899
727,May 01,COVID-19,2805,0.026862927
728,May 01,Economy and jobs,1658,0.015878336
729,May 01,Environment,547,0.00523851
730,May 01,Government,826,0.007910438
731,May 01,Healthcare,841,0.00805409
732,May 01,Immigration and refugees,298,0.002853887
733,May 02,COVID-19,2267,0.024840025
734,May 02,Economy and jobs,1088,0.011921459
735,May 02,Environment,409,0.004481504
736,May 02,Government,594,0.00650859
737,May 02,Healthcare,668,0.007319425
738,May 02,Immigration and refugees,264,0.002892707
739,May 03,COVID-19,2567,0.028884888
740,May 03,Economy and jobs,1105,0.012433892
741,May 03,Environment,448,0.005041071
742,May 03,Government,353,0.003972094
743,May 03,Healthcare,612,0.006886463
744,May 03,Immigration and refugees,263,0.002959379
745,May 04,COVID-19,3054,0.02957096
746,May 04,Economy and jobs,1545,0.014959768
747,May 04,Environment,510,0.004938176
748,May 04,Government,418,0.004047368
749,May 04,Healthcare,823,0.00796886
750,May 04,Immigration and refugees,206,0.001994636
751,May 05,COVID-19,3249,0.030541742
752,May 05,Economy and jobs,1830,0.017202643
753,May 05,Environment,575,0.005405202
754,May 05,Government,545,0.005123192
755,May 05,Healthcare,865,0.008131304
756,May 05,Immigration and refugees,223,0.002096278
757,May 06,COVID-19,2841,0.028998969
758,May 06,Economy and jobs,1734,0.017699476
759,May 06,Environment,600,0.006124386
760,May 06,Government,430,0.004389144
761,May 06,Healthcare,898,0.009166165
762,May 06,Immigration and refugees,225,0.002296645
763,May 07,COVID-19,2526,0.026773223
764,May 07,Economy and jobs,1616,0.017128079
765,May 07,Environment,631,0.006688006
766,May 07,Government,424,0.004494001
767,May 07,Healthcare,901,0.009549752
768,May 07,Immigration and refugees,207,0.002194005
769,May 08,COVID-19,2552,0.026895999
770,May 08,Economy and jobs,2060,0.02171072
771,May 08,Environment,563,0.005933561
772,May 08,Government,428,0.004510771
773,May 08,Healthcare,883,0.0093061
774,May 08,Immigration and refugees,179,0.001886514
775,May 09,COVID-19,2339,0.026784999
776,May 09,Economy and jobs,1409,0.016135127
777,May 09,Environment,522,0.00597767
778,May 09,Government,307,0.003515603
779,May 09,Healthcare,649,0.007432007
780,May 09,Immigration and refugees,169,0.001935299
781,May 10,COVID-19,2413,0.027934707
782,May 10,Economy and jobs,1197,0.013857374
783,May 10,Environment,417,0.004827506
784,May 10,Government,324,0.003750868
785,May 10,Healthcare,514,0.005950451
786,May 10,Immigration and refugees,171,0.001979625
787,May 11,COVID-19,2787,0.028144692
788,May 11,Economy and jobs,1618,0.016339473
789,May 11,Environment,613,0.006190418
790,May 11,Government,396,0.003999031
791,May 11,Healthcare,1032,0.010421716
792,May 11,Immigration and refugees,222,0.002241881
793,May 12,COVID-19,3322,0.030763817
794,May 12,Economy and jobs,1840,0.017039561
795,May 12,Environment,730,0.006760261
796,May 12,Government,584,0.005408209
797,May 12,Healthcare,1407,0.013029708
798,May 12,Immigration and refugees,350,0.003241221
799,May 13,COVID-19,3441,0.032762692
800,May 13,Economy and jobs,1810,0.0172335
801,May 13,Environment,643,0.006122177
802,May 13,Government,551,0.00524622
803,May 13,Healthcare,1008,0.009597441
804,May 13,Immigration and refugees,340,0.003237232
805,May 14,COVID-19,3079,0.028342876
806,May 14,Economy and jobs,1993,0.018346006
807,May 14,Environment,714,0.006572528
808,May 14,Government,582,0.005357439
809,May 14,Healthcare,806,0.007419408
810,May 14,Immigration and refugees,271,0.002494615
811,May 15,COVID-19,2789,0.027927702
812,May 15,Economy and jobs,1876,0.01878536
813,May 15,Environment,572,0.005727732
814,May 15,Government,409,0.004095529
815,May 15,Healthcare,711,0.007119611
816,May 15,Immigration and refugees,223,0.002233015
817,May 16,COVID-19,2040,0.024984385
818,May 16,Economy and jobs,1378,0.016876707
819,May 16,Environment,402,0.004923393
820,May 16,Government,398,0.004874404
821,May 16,Healthcare,487,0.005964409
822,May 16,Immigration and refugees,168,0.002057538
823,May 17,COVID-19,2136,0.025999635
824,May 17,Economy and jobs,1139,0.013864037
825,May 17,Environment,361,0.004394133
826,May 17,Government,307,0.003736839
827,May 17,Healthcare,461,0.005611344
828,May 17,Immigration and refugees,252,0.003067373
829,May 18,COVID-19,2215,0.025401959
830,May 18,Economy and jobs,1114,0.012775522
831,May 18,Environment,432,0.004954242
832,May 18,Government,291,0.003337233
833,May 18,Healthcare,518,0.005940503
834,May 18,Immigration and refugees,199,0.002282162
835,May 19,COVID-19,2324,0.024795152
836,May 19,Economy and jobs,1374,0.01465944
837,May 19,Environment,541,0.005772021
838,May 19,Government,369,0.003936924
839,May 19,Healthcare,696,0.007425743
840,May 19,Immigration and refugees,452,0.004822465
841,May 20,COVID-19,2424,0.023940977
842,May 20,Economy and jobs,1624,0.016039665
843,May 20,Environment,579,0.005718575
844,May 20,Government,550,0.005432152
845,May 20,Healthcare,788,0.007782793
846,May 20,Immigration and refugees,381,0.003763
847,May 21,COVID-19,2583,0.02564459
848,May 21,Economy and jobs,1734,0.017215532
849,May 21,Environment,608,0.006036357
850,May 21,Government,607,0.006026429
851,May 21,Healthcare,707,0.007019251
852,May 21,Immigration and refugees,339,0.003365666
853,May 22,COVID-19,2269,0.023514415
854,May 22,Economy and jobs,1483,0.015368831
855,May 22,Environment,556,0.005762016
856,May 22,Government,681,0.007057434
857,May 22,Healthcare,579,0.006000373
858,May 22,Immigration and refugees,216,0.002238481
859,May 23,COVID-19,1856,0.023572445
860,May 23,Economy and jobs,1211,0.015380512
861,May 23,Environment,445,0.005651798
862,May 23,Government,408,0.005181874
863,May 23,Healthcare,454,0.005766104
864,May 23,Immigration and refugees,188,0.002387726
865,May 24,COVID-19,2260,0.028107006
866,May 24,Economy and jobs,1060,0.013182932
867,May 24,Environment,407,0.005061748
868,May 24,Government,339,0.004216051
869,May 24,Healthcare,534,0.006641213
870,May 24,Immigration and refugees,164,0.002039623
871,May 25,COVID-19,2360,0.027252361
872,May 25,Economy and jobs,1332,0.015381418
873,May 25,Environment,549,0.006339638
874,May 25,Government,473,0.00546202
875,May 25,Healthcare,520,0.006004758
876,May 25,Immigration and refugees,196,0.002263332
877,May 26,COVID-19,2349,0.023610176
878,May 26,Economy and jobs,1600,0.016081857
879,May 26,Environment,544,0.005467831
880,May 26,Government,556,0.005588445
881,May 26,Healthcare,639,0.006422691
882,May 26,Immigration and refugees,238,0.002392176
883,May 27,COVID-19,2386,0.02253899
884,May 27,Economy and jobs,1653,0.015614816
885,May 27,Environment,600,0.00566781
886,May 27,Government,1050,0.009918667
887,May 27,Healthcare,655,0.006187359
888,May 27,Immigration and refugees,223,0.002106536
889,May 28,COVID-19,2366,0.021238589
890,May 28,Economy and jobs,1616,0.014506153
891,May 28,Environment,536,0.004811447
892,May 28,Government,904,0.008114828
893,May 28,Healthcare,485,0.004353641
894,May 28,Immigration and refugees,293,0.002630138
895,May 29,COVID-19,2226,0.018320535
896,May 29,Economy and jobs,1659,0.013653984
897,May 29,Environment,645,0.005308511
898,May 29,Government,785,0.006460746
899,May 29,Healthcare,508,0.004180967
900,May 29,Immigration and refugees,350,0.002880587
901,May 30,COVID-19,1810,0.016320716
902,May 30,Economy and jobs,1191,0.010739211
903,May 30,Environment,467,0.004210925
904,May 30,Government,627,0.00565364
905,May 30,Healthcare,484,0.004364213
906,May 30,Immigration and refugees,297,0.00267804
907,May 31,COVID-19,2060,0.016176401
908,May 31,Economy and jobs,1378,0.010820913
909,May 31,Environment,454,0.00356509
910,May 31,Government,1039,0.008158874
911,May 31,Healthcare,683,0.005363341
912,May 31,Immigration and refugees,504,0.003957721
913,June 01,COVID-19,2232,0.016039668
914,June 01,Economy and jobs,1815,0.01304301
915,June 01,Environment,698,0.005015989
916,June 01,Government,1207,0.008673781
917,June 01,Healthcare,499,0.003585929
918,June 01,Immigration and refugees,596,0.004282994
919,June 02,COVID-19,1737,0.011782342
920,June 02,Economy and jobs,1598,0.010839483
921,June 02,Environment,461,0.003127035
922,June 02,Government,1624,0.011015845
923,June 02,Healthcare,504,0.003418711
924,June 02,Immigration and refugees,682,0.004626112
925,June 03,COVID-19,1807,0.013805275
926,June 03,Economy and jobs,1522,0.011627907
927,June 03,Environment,516,0.003942181
928,June 03,Government,1054,0.00805244
929,June 03,Healthcare,553,0.004224857
930,June 03,Immigration and refugees,514,0.003926902
931,June 04,COVID-19,1415,0.011796189
932,June 04,Economy and jobs,1412,0.011771179
933,June 04,Environment,542,0.004518399
934,June 04,Government,958,0.007986395
935,June 04,Healthcare,616,0.005135302
936,June 04,Immigration and refugees,489,0.004076563
937,June 05,COVID-19,1523,0.012375272
938,June 05,Economy and jobs,2383,0.019363279
939,June 05,Environment,602,0.004891605
940,June 05,Government,1587,0.01289531
941,June 05,Healthcare,611,0.004964735
942,June 05,Immigration and refugees,456,0.003705269
943,June 06,COVID-19,1588,0.01468494
944,June 06,Economy and jobs,1752,0.01620152
945,June 06,Environment,407,0.003763709
946,June 06,Government,1121,0.010366384
947,June 06,Healthcare,448,0.004142855
948,June 06,Immigration and refugees,412,0.003809947
949,June 07,COVID-19,1361,0.012767235
950,June 07,Economy and jobs,1340,0.012570239
951,June 07,Environment,434,0.004071256
952,June 07,Government,773,0.007251339
953,June 07,Healthcare,396,0.003714787
954,June 07,Immigration and refugees,323,0.00302999
955,June 08,COVID-19,1741,0.015263495
956,June 08,Economy and jobs,1803,0.015807054
957,June 08,Environment,512,0.004488747
958,June 08,Government,822,0.007206544
959,June 08,Healthcare,477,0.004181899
960,June 08,Immigration and refugees,489,0.004287104
961,June 09,COVID-19,1697,0.014672062
962,June 09,Economy and jobs,1996,0.01725718
963,June 09,Environment,619,0.005351801
964,June 09,Government,801,0.006925351
965,June 09,Healthcare,557,0.004815756
966,June 09,Immigration and refugees,517,0.004469921
967,June 10,COVID-19,1613,0.014531924
968,June 10,Economy and jobs,1938,0.017459931
969,June 10,Environment,600,0.005405552
970,June 10,Government,834,0.007513717
971,June 10,Healthcare,467,0.004207321
972,June 10,Immigration and refugees,508,0.0045767
973,June 11,COVID-19,1459,0.013562253
974,June 11,Economy and jobs,1746,0.016230084
975,June 11,Environment,612,0.005688895
976,June 11,Government,831,0.007724628
977,June 11,Healthcare,426,0.003959917
978,June 11,Immigration and refugees,488,0.004536243
979,June 12,COVID-19,1824,0.017338568
980,June 12,Economy and jobs,1491,0.014173139
981,June 12,Environment,508,0.004828943
982,June 12,Government,1051,0.009990589
983,June 12,Healthcare,515,0.004895484
984,June 12,Immigration and refugees,464,0.004410688
985,June 13,COVID-19,1498,0.01589019
986,June 13,Economy and jobs,1012,0.010734895
987,June 13,Environment,428,0.004540054
988,June 13,Government,700,0.007425322
989,June 13,Healthcare,402,0.004264257
990,June 13,Immigration and refugees,379,0.004020282
991,June 14,COVID-19,1534,0.016197837
992,June 14,Economy and jobs,898,0.009482176
993,June 14,Environment,427,0.004508785
994,June 14,Government,539,0.005691417
995,June 14,Healthcare,520,0.005490792
996,June 14,Immigration and refugees,267,0.002819311
997,June 15,COVID-19,2071,0.019885354
998,June 15,Economy and jobs,1567,0.015046041
999,June 15,Environment,628,0.006029938
1000,June 15,Government,850,0.008161541
1001,June 15,Healthcare,572,0.005492237
1002,June 15,Immigration and refugees,577,0.005540246
1003,June 16,COVID-19,1772,0.016482188
1004,June 16,Economy and jobs,1831,0.017030974
1005,June 16,Environment,630,0.00585992
1006,June 16,Government,690,0.006418008
1007,June 16,Healthcare,574,0.005339038
1008,June 16,Immigration and refugees,843,0.007841131
1009,June 17,COVID-19,1850,0.016973256
1010,June 17,Economy and jobs,1531,0.014046516
1011,June 17,Environment,683,0.006266342
1012,June 17,Government,708,0.006495711
1013,June 17,Healthcare,589,0.005403918
1014,June 17,Immigration and refugees,519,0.004761686
1015,June 18,COVID-19,1473,0.014042614
1016,June 18,Economy and jobs,1527,0.014557415
1017,June 18,Environment,576,0.005491205
1018,June 18,Government,913,0.008703942
1019,June 18,Healthcare,451,0.004299538
1020,June 18,Immigration and refugees,499,0.004757138
1021,June 19,COVID-19,1719,0.016524397
1022,June 19,Economy and jobs,1339,0.012871535
1023,June 19,Environment,494,0.004748721
1024,June 19,Government,693,0.006661668
1025,June 19,Healthcare,570,0.005479294
1026,June 19,Immigration and refugees,472,0.00453724
1027,June 20,COVID-19,1754,0.018798362
1028,June 20,Economy and jobs,1025,0.01098536
1029,June 20,Environment,376,0.004029752
1030,June 20,Government,631,0.006762695
1031,June 20,Healthcare,476,0.005101494
1032,June 20,Immigration and refugees,365,0.00391186
1033,June 21,COVID-19,1414,0.01487779
1034,June 21,Economy and jobs,878,0.009238118
1035,June 21,Environment,401,0.004219232
1036,June 21,Government,381,0.004008796
1037,June 21,Healthcare,357,0.003756274
1038,June 21,Immigration and refugees,352,0.003703665
1039,June 22,COVID-19,1602,0.015891281
1040,June 22,Economy and jobs,1267,0.012568198
1041,June 22,Environment,496,0.004920147
1042,June 22,Government,492,0.004880468
1043,June 22,Healthcare,396,0.003928182
1044,June 22,Immigration and refugees,412,0.004086896
1045,June 23,COVID-19,1866,0.017562188
1046,June 23,Economy and jobs,1515,0.014258689
1047,June 23,Environment,606,0.005703476
1048,June 23,Government,609,0.005731711
1049,June 23,Healthcare,568,0.005345832
1050,June 23,Immigration and refugees,430,0.004047021
1051,June 24,COVID-19,1785,0.017562675
1052,June 24,Economy and jobs,1371,0.013489315
1053,June 24,Environment,530,0.005214688
1054,June 24,Government,655,0.006444567
1055,June 24,Healthcare,446,0.004388209
1056,June 24,Immigration and refugees,451,0.004437404
1057,June 25,COVID-19,1999,0.01968314
1058,June 25,Economy and jobs,1520,0.01496667
1059,June 25,Environment,728,0.007168247
1060,June 25,Government,526,0.005179255
1061,June 25,Healthcare,438,0.004312764
1062,June 25,Immigration and refugees,442,0.00435215
1063,June 26,COVID-19,2331,0.022980007
1064,June 26,Economy and jobs,1301,0.012825821
1065,June 26,Environment,666,0.006565716
1066,June 26,Government,464,0.004574313
1067,June 26,Healthcare,547,0.005392563
1068,June 26,Immigration and refugees,461,0.004544738
1069,June 27,COVID-19,1758,0.018456305
1070,June 27,Economy and jobs,1124,0.011800277
1071,June 27,Environment,462,0.004850292
1072,June 27,Government,481,0.005049763
1073,June 27,Healthcare,443,0.004650821
1074,June 27,Immigration and refugees,376,0.003947424
1075,June 28,COVID-19,1834,0.019584601
1076,June 28,Economy and jobs,1076,0.011490202
1077,June 28,Environment,391,0.004175343
1078,June 28,Government,411,0.004388916
1079,June 28,Healthcare,396,0.004228736
1080,June 28,Immigration and refugees,386,0.00412195
1081,June 29,COVID-19,1983,0.019177764
1082,June 29,Economy and jobs,1502,0.014525972
1083,June 29,Environment,481,0.004651793
1084,June 29,Government,563,0.005444822
1085,June 29,Healthcare,508,0.004912912
1086,June 29,Immigration and refugees,346,0.003346196
1087,June 30,COVID-19,2095,0.020609328
1088,June 30,Economy and jobs,1598,0.015720146
1089,June 30,Environment,547,0.005381051
1090,June 30,Government,691,0.006797635
1091,June 30,Healthcare,504,0.004958044
1092,June 30,Immigration and refugees,419,0.004121866
1093,July 01,COVID-19,1498,0.015345059
1094,July 01,Economy and jobs,1130,0.011575378
1095,July 01,Environment,493,0.005050143
1096,July 01,Government,698,0.007150101
1097,July 01,Healthcare,470,0.004814538
1098,July 01,Immigration and refugees,364,0.003728706
1099,July 02,COVID-19,1725,0.018464799
1100,July 02,Economy and jobs,1535,0.016430995
1101,July 02,Environment,469,0.005020285
1102,July 02,Government,616,0.006593807
1103,July 02,Healthcare,547,0.005855215
1104,July 02,Immigration and refugees,299,0.003200565
1105,July 03,COVID-19,1933,0.019770486
1106,July 03,Economy and jobs,1462,0.014953156
1107,July 03,Environment,451,0.004612773
1108,July 03,Government,531,0.005431003
1109,July 03,Healthcare,516,0.005277585
1110,July 03,Immigration and refugees,386,0.003947961
1111,July 04,COVID-19,1637,0.018136294
1112,July 04,Economy and jobs,1003,0.011112219
1113,July 04,Environment,393,0.00435404
1114,July 04,Government,392,0.004342961
1115,July 04,Healthcare,369,0.004088144
1116,July 04,Immigration and refugees,445,0.004930147
1117,July 05,COVID-19,1686,0.018891391
1118,July 05,Economy and jobs,1016,0.011384136
1119,July 05,Environment,498,0.005580019
1120,July 05,Government,301,0.003372662
1121,July 05,Healthcare,692,0.007753762
1122,July 05,Immigration and refugees,314,0.003518326
1123,July 06,COVID-19,2404,0.022851494
1124,July 06,Economy and jobs,1385,0.013165274
1125,July 06,Environment,635,0.006036064
1126,July 06,Government,404,0.003840268
1127,July 06,Healthcare,849,0.008070265
1128,July 06,Immigration and refugees,393,0.003735706
1129,July 07,COVID-19,2340,0.021612835
1130,July 07,Economy and jobs,1785,0.016486714
1131,July 07,Environment,586,0.005412445
1132,July 07,Government,496,0.004581182
1133,July 07,Healthcare,621,0.005735714
1134,July 07,Immigration and refugees,532,0.004913687
1135,July 08,COVID-19,2334,0.021994176
1136,July 08,Economy and jobs,1928,0.018168283
1137,July 08,Environment,558,0.005258248
1138,July 08,Government,526,0.0049567
1139,July 08,Healthcare,622,0.005861344
1140,July 08,Immigration and refugees,410,0.003863587
1141,July 09,COVID-19,2048,0.020330167
1142,July 09,Economy and jobs,1903,0.018890775
1143,July 09,Environment,522,0.00518181
1144,July 09,Government,689,0.006839592
1145,July 09,Healthcare,444,0.004407517
1146,July 09,Immigration and refugees,350,0.003474394
1147,July 10,COVID-19,1918,0.019159499
1148,July 10,Economy and jobs,1601,0.015992888
1149,July 10,Environment,508,0.00507457
1150,July 10,Government,523,0.00522441
1151,July 10,Healthcare,632,0.006313245
1152,July 10,Immigration and refugees,413,0.004125586
1153,July 11,COVID-19,1762,0.019475639
1154,July 11,Economy and jobs,1159,0.012810593
1155,July 11,Environment,426,0.004708639
1156,July 11,Government,679,0.007505084
1157,July 11,Healthcare,581,0.006421876
1158,July 11,Immigration and refugees,375,0.004144929
1159,July 12,COVID-19,1893,0.020954173
1160,July 12,Economy and jobs,1193,0.013205667
1161,July 12,Environment,375,0.004150985
1162,July 12,Government,378,0.004184193
1163,July 12,Healthcare,720,0.007969892
1164,July 12,Immigration and refugees,367,0.004062431
1165,July 13,COVID-19,2770,0.025797439
1166,July 13,Economy and jobs,1497,0.013941793
1167,July 13,Environment,505,0.004703143
1168,July 13,Government,448,0.004172293
1169,July 13,Healthcare,817,0.007608847
1170,July 13,Immigration and refugees,338,0.003147846
1171,July 14,COVID-19,2444,0.022441371
1172,July 14,Economy and jobs,1577,0.014480378
1173,July 14,Environment,592,0.00543588
1174,July 14,Government,536,0.004921676
1175,July 14,Healthcare,694,0.006372468
1176,July 14,Immigration and refugees,606,0.005564432
1177,July 15,COVID-19,2421,0.022263502
1178,July 15,Economy and jobs,1612,0.014823943
1179,July 15,Environment,662,0.006087748
1180,July 15,Government,654,0.00601418
1181,July 15,Healthcare,956,0.00879137
1182,July 15,Immigration and refugees,404,0.003715182
1183,July 16,COVID-19,2512,0.022616164
1184,July 16,Economy and jobs,1599,0.014396197
1185,July 16,Environment,653,0.005879122
1186,July 16,Government,508,0.004573651
1187,July 16,Healthcare,1072,0.009651484
1188,July 16,Immigration and refugees,452,0.004069469
1189,July 17,COVID-19,2331,0.020948666
1190,July 17,Economy and jobs,1703,0.015304839
1191,July 17,Environment,568,0.005104609
1192,July 17,Government,547,0.004915882
1193,July 17,Healthcare,778,0.006991876
1194,July 17,Immigration and refugees,478,0.00429578
1195,July 18,COVID-19,1793,0.019009754
1196,July 18,Economy and jobs,1189,0.012606022
1197,July 18,Environment,399,0.00423028
1198,July 18,Government,514,0.005449534
1199,July 18,Healthcare,528,0.005597964
1200,July 18,Immigration and refugees,335,0.003551739
1201,July 19,COVID-19,1550,0.017904379
1202,July 19,Economy and jobs,949,0.0109621
1203,July 19,Environment,369,0.004262397
1204,July 19,Government,461,0.005325109
1205,July 19,Healthcare,501,0.005787157
1206,July 19,Immigration and refugees,226,0.002610574
1207,July 20,COVID-19,1687,0.018708275
1208,July 20,Economy and jobs,1122,0.012442611
1209,July 20,Environment,403,0.004469137
1210,July 20,Government,520,0.005766629
1211,July 20,Healthcare,555,0.006154767
1212,July 20,Immigration and refugees,261,0.002894404
1213,July 21,COVID-19,1730,0.020803271
1214,July 21,Economy and jobs,1018,0.012241462
1215,July 21,Environment,465,0.005591631
1216,July 21,Government,495,0.005952381
1217,July 21,Healthcare,476,0.005723906
1218,July 21,Immigration and refugees,211,0.002537278
1219,July 22,COVID-19,1477,0.019951641
1220,July 22,Economy and jobs,964,0.013021924
1221,July 22,Environment,437,0.005903092
1222,July 22,Government,415,0.005605911
1223,July 22,Healthcare,338,0.004565778
1224,July 22,Immigration and refugees,228,0.003079874
